Precodice;ID;ID Prodotto;Codice Prodotto;Prodotto;Categoria Merceologica;Fornitore;Costo Unitario;Periodo;
PC;101;PC101;PCCaf101;Caffè;Cibo;Caffe Brasiliano SARL;38,35;31/12/2021;
PS;102;PS102;PSOrt102;Ortaggi;Cibo;San Patrizio Food&Beverage LTD;3,88;31/12/2021;
PS;103;PS103;PSSpe103;Spezie;Cibo;San Patrizio Food&Beverage LTD;3,51;31/12/2021;
PS;104;PS104;PSSpe104;Spezie;Cibo;San Patrizio Food&Beverage LTD;1,94;31/12/2021;
PS;105;PS105;PSSpe105;Spezie;Cibo;San Patrizio Food&Beverage LTD;7,59;31/12/2021;
PC;106;PC106;PCCaf106;Caffè;Cibo;Caffe Brasiliano SARL;21,21;31/12/2021;
PC;107;PC107;PCCaf107;Caffè;Cibo;Caffe Brasiliano SARL;21,29;31/12/2021;
PC;108;PC108;PCCaf108;Caffè;Cibo;Caffe Brasiliano SARL;21,42;31/12/2021;
PC;109;PC109;PCCaf109;Caffè;Cibo;Caffe Brasiliano SARL;21,79;31/12/2021;
PS;110;PS110;PSOli110;Olio d'Oliva;Cibo;San Patrizio Food&Beverage LTD;1,70;31/12/2021;
PC;111;PC111;PCLat111;Latte;Cibo;Caffe Brasiliano SARL;2,83;31/12/2021;
PC;112;PC112;PCLat112;Latte;Cibo;Caffe Brasiliano SARL;3,30;31/12/2021;
PC;113;PC113;PCCaf113;Caffè in capsule;Cibo;Caffe Brasiliano SARL;8,43;31/12/2021;
PC;114;PC114;PCCaf114;Caffè in capsule;Cibo;Caffe Brasiliano SARL;4,41;31/12/2021;
PS;115;PS115;PSOli115;Olio d'Oliva;Cibo;San Patrizio Food&Beverage LTD;1,70;31/12/2021;
PS;116;PS116;PSOli116;Olio d'Oliva;Cibo;San Patrizio Food&Beverage LTD;1,70;31/12/2021;
PS;117;PS117;PSOli117;Olio d'Oliva;Cibo;San Patrizio Food&Beverage LTD;8,64;31/12/2021;
PS;118;PS118;PSOrt118;Ortaggi;Cibo;San Patrizio Food&Beverage LTD;3,67;31/12/2021;
PS;119;PS119;PSOrt119;Ortaggi;Cibo;San Patrizio Food&Beverage LTD;4,20;31/12/2021;
PS;120;PS120;PSOrt120;Ortaggi;Cibo;San Patrizio Food&Beverage LTD;4,80;31/12/2021;
PS;121;PS121;PSOrt121;Ortaggi;Cibo;San Patrizio Food&Beverage LTD;5,47;31/12/2021;
PM;122;PM122;PMFar122;Farina;Cibo;Mangia Sano SNC;1,10;31/12/2021;
PM;123;PM123;PMFar123;Farina;Cibo;Mangia Sano SNC;1,10;31/12/2021;
PM;124;PM124;PMFar124;Farina;Cibo;Mangia Sano SNC;0,69;31/12/2021;
PM;125;PM125;PMFar125;Farina;Cibo;Mangia Sano SNC;7,07;31/12/2021;
PM;126;PM126;PMFar126;Farina;Cibo;Mangia Sano SNC;0,66;31/12/2021;
PM;127;PM127;PMFar127;Farina;Cibo;Mangia Sano SNC;0,70;31/12/2021;
PC;128;PC128;PCLat128;Latte;Cibo;Caffe Brasiliano SARL;3,30;31/12/2021;
PM;129;PM129;PMLie129;Lievito;Cibo;Mangia Sano SNC;1,84;31/12/2021;
PM;130;PM130;PMLie130;Lievito;Cibo;Mangia Sano SNC;2,20;31/12/2021;
PM;131;PM131;PMLie131;Lievito;Cibo;Mangia Sano SNC;1,84;31/12/2021;
PM;132;PM132;PMLie132;Lievito;Cibo;Mangia Sano SNC;1,13;31/12/2021;
PM;133;PM133;PMLie133;Lievito;Cibo;Mangia Sano SNC;0,47;31/12/2021;
PM;134;PM134;PMLie134;Lievito;Cibo;Mangia Sano SNC;0,47;31/12/2021;
PM;135;PM135;PMLie135;Lievito;Cibo;Mangia Sano SNC;0,88;31/12/2021;
PM;136;PM136;PMLie136;Lievito;Cibo;Mangia Sano SNC;0,88;31/12/2021;
PM;137;PM137;PMLie137;Lievito;Cibo;Mangia Sano SNC;1,54;31/12/2021;
PM;138;PM138;PMLie138;Lievito;Cibo;Mangia Sano SNC;1,80;31/12/2021;
PM;139;PM139;PMLie139;Lievito;Cibo;Mangia Sano SNC;2,02;31/12/2021;
PS;140;PS140;PSOli140;Olio d'Oliva;Cibo;San Patrizio Food&Beverage LTD;2,20;31/12/2021;
PM;141;PM141;PMLie141;Lievito;Cibo;Mangia Sano SNC;1,50;31/12/2021;
PM;142;PM142;PMLie142;Lievito;Cibo;Mangia Sano SNC;1,50;31/12/2021;
PM;143;PM143;PMLie143;Lievito;Cibo;Mangia Sano SNC;2,03;31/12/2021;
PM;144;PM144;PMLie144;Lievito;Cibo;Mangia Sano SNC;2,03;31/12/2021;
PM;145;PM145;PMLie145;Lievito;Cibo;Mangia Sano SNC;2,03;31/12/2021;
PM;146;PM146;PMLie146;Lievito;Cibo;Mangia Sano SNC;0,32;31/12/2021;
PM;147;PM147;PMLie147;Lievito;Cibo;Mangia Sano SNC;0,32;31/12/2021;
PM;148;PM148;PMLie148;Lievito;Cibo;Mangia Sano SNC;0,33;31/12/2021;
PM;149;PM149;PMLie149;Lievito;Cibo;Mangia Sano SNC;0,33;31/12/2021;
PM;150;PM150;PMLie150;Lievito;Cibo;Mangia Sano SNC;0,33;31/12/2021;
PS;151;PS151;PSOli151;Olio speziati;Cibo;San Patrizio Food&Beverage LTD;2,52;31/12/2021;
PS;152;PS152;PSOli152;Olio speziati;Cibo;San Patrizio Food&Beverage LTD;2,16;31/12/2021;
PC;153;PC153;PCCaf153;Caffè;Cibo;Caffe Brasiliano SARL;37,49;31/12/2021;
PC;154;PC154;PCCaf154;Caffè;Cibo;Caffe Brasiliano SARL;14,01;31/12/2021;
PM;155;PM155;PMLie155;Lievito;Cibo;Mangia Sano SNC;0,96;31/12/2021;
PM;156;PM156;PMLie156;Lievito;Cibo;Mangia Sano SNC;0,95;31/12/2021;
PM;157;PM157;PMLie157;Lievito;Cibo;Mangia Sano SNC;0,95;31/12/2021;
PM;158;PM158;PMLie158;Lievito;Cibo;Mangia Sano SNC;0,47;31/12/2021;
PM;159;PM159;PMLie159;Lievito;Cibo;Mangia Sano SNC;0,47;31/12/2021;
PM;160;PM160;PMLie160;Lievito;Cibo;Mangia Sano SNC;0,47;31/12/2021;
PB;161;PB161;PBBib161;Bibite Energetiche;Bibite;Bibite Fresche SPA;71,28;31/12/2021;
PS;162;PS162;PSOli162;Olio d'Oliva;Cibo;San Patrizio Food&Beverage LTD;6,03;31/12/2021;
PS;163;PS163;PSOli163;Olio d'Oliva;Cibo;San Patrizio Food&Beverage LTD;7,31;31/12/2021;
PS;164;PS164;PSOli164;Olio d'Oliva;Cibo;San Patrizio Food&Beverage LTD;7,34;31/12/2021;
PS;165;PS165;PSOli165;Olio d'Oliva;Cibo;San Patrizio Food&Beverage LTD;7,31;31/12/2021;
PC;166;PC166;PCZuc166;Zucchero;Cibo;Caffe Brasiliano SARL;2,04;31/12/2021;
PC;167;PC167;PCZuc167;Zucchero;Cibo;Caffe Brasiliano SARL;2,04;31/12/2021;
PB;168;PB168;PBBib168;Bibite Energetiche;Bibite;Bibite Fresche SPA;71,26;31/12/2021;
PC;169;PC169;PCZuc169;Zucchero;Cibo;Caffe Brasiliano SARL;2,02;31/12/2021;
PC;170;PC170;PCZuc170;Zucchero;Cibo;Caffe Brasiliano SARL;2,03;31/12/2021;
PC;171;PC171;PCZuc171;Zucchero;Cibo;Caffe Brasiliano SARL;2,05;31/12/2021;
PC;172;PC172;PCZuc172;Zucchero;Cibo;Caffe Brasiliano SARL;2,92;31/12/2021;
PC;173;PC173;PCZuc173;Zucchero;Cibo;Caffe Brasiliano SARL;2,87;31/12/2021;
PC;174;PC174;PCZuc174;Zucchero;Cibo;Caffe Brasiliano SARL;2,03;31/12/2021;
PC;175;PC175;PCZuc175;Zucchero;Cibo;Caffe Brasiliano SARL;2,92;31/12/2021;
PC;176;PC176;PCZuc176;Zucchero;Cibo;Caffe Brasiliano SARL;2,82;31/12/2021;
PC;177;PC177;PCZuc177;Zucchero;Cibo;Caffe Brasiliano SARL;2,02;31/12/2021;
PC;178;PC178;PCZuc178;Zucchero;Cibo;Caffe Brasiliano SARL;2,02;31/12/2021;
PM;179;PM179;PMLie179;Lievito;Cibo;Mangia Sano SNC;1,99;31/12/2021;
PS;180;PS180;PSOli180;Olio speziati;Cibo;San Patrizio Food&Beverage LTD;1,09;31/12/2021;
PM;181;PM181;PMAce181;Aceto;Cibo;Mangia Sano SNC;5,37;31/12/2021;
PM;182;PM182;PMAce182;Aceto;Cibo;Mangia Sano SNC;3,56;31/12/2021;
PM;183;PM183;PMLie183;Lievito;Cibo;Mangia Sano SNC;0,95;31/12/2021;
PB;184;PB184;PBBib184;Bibite Energetiche;Bibite;Bibite Fresche SPA;67,71;31/12/2021;
PB;185;PB185;PBBib185;Bibite Energetiche;Bibite;Bibite Fresche SPA;67,89;31/12/2021;
PM;186;PM186;PMAce186;Aceto;Cibo;Mangia Sano SNC;2,87;31/12/2021;
PS;187;PS187;PSSpe187;Spezie;Cibo;San Patrizio Food&Beverage LTD;3,30;31/12/2021;
PM;188;PM188;PMMie188;Miele;Cibo;Mangia Sano SNC;72,01;31/12/2021;
PD;189;PD189;PDDol189;Dolci in scatola;Cibo;Dolci Grossi SRL;2,82;31/12/2021;
PD;190;PD190;PDDol190;Dolci in scatola;Cibo;Dolci Grossi SRL;2,81;31/12/2021;
PM;191;PM191;PMAce191;Aceto;Cibo;Mangia Sano SNC;6,45;31/12/2021;
PM;192;PM192;PMLie192;Lievito;Cibo;Mangia Sano SNC;0,94;31/12/2021;
PS;193;PS193;PSPop193;Popcorn;Cibo;San Patrizio Food&Beverage LTD;2,09;31/12/2021;
PC;194;PC194;PCZuc194;Zucchero;Cibo;Caffe Brasiliano SARL;2,99;31/12/2021;
PC;195;PC195;PCZuc195;Zucchero;Cibo;Caffe Brasiliano SARL;2,95;31/12/2021;
PC;196;PC196;PCZuc196;Zucchero;Cibo;Caffe Brasiliano SARL;2,98;31/12/2021;
PC;197;PC197;PCZuc197;Zucchero;Cibo;Caffe Brasiliano SARL;5,10;31/12/2021;
PC;198;PC198;PCZuc198;Zucchero;Cibo;Caffe Brasiliano SARL;5,13;31/12/2021;
PC;199;PC199;PCZuc199;Zucchero;Cibo;Caffe Brasiliano SARL;5,09;31/12/2021;
PC;200;PC200;PCZuc200;Zucchero;Cibo;Caffe Brasiliano SARL;2,93;31/12/2021;
PC;201;PC201;PCZuc201;Zucchero;Cibo;Caffe Brasiliano SARL;5,09;31/12/2021;
PS;202;PS202;PSSpe202;Spezie;Cibo;San Patrizio Food&Beverage LTD;14,43;31/12/2021;
PS;203;PS203;PSOrt203;Ortaggi;Cibo;San Patrizio Food&Beverage LTD;4,83;31/12/2021;
PM;204;PM204;PMSpr204;Spruzza;Cibo;Mangia Sano SNC;9,46;31/12/2021;
PC;205;PC205;PCZuc205;Zucchero;Cibo;Caffe Brasiliano SARL;6,39;31/12/2021;
PD;206;PD206;PDDol206;Dolci in scatola;Cibo;Dolci Grossi SRL;2,46;31/12/2021;
PD;207;PD207;PDDol207;Dolci in scatola;Cibo;Dolci Grossi SRL;3,17;31/12/2021;
PS;208;PS208;PSOli208;Olio d'Oliva;Cibo;San Patrizio Food&Beverage LTD;6,01;31/12/2021;
PS;209;PS209;PSOli209;Olio d'Oliva;Cibo;San Patrizio Food&Beverage LTD;6,00;31/12/2021;
PS;210;PS210;PSOli210;Olio speziati;Cibo;San Patrizio Food&Beverage LTD;0,93;31/12/2021;
PS;211;PS211;PSOli211;Olio speziati;Cibo;San Patrizio Food&Beverage LTD;0,93;31/12/2021;
PS;212;PS212;PSOli212;Olio speziati;Cibo;San Patrizio Food&Beverage LTD;0,92;31/12/2021;
PM;213;PM213;PMAce213;Aceto;Cibo;Mangia Sano SNC;3,17;31/12/2021;
PS;214;PS214;PSOli214;Olio speziati;Cibo;San Patrizio Food&Beverage LTD;1,19;31/12/2021;
PS;215;PS215;PSOli215;Olio speziati;Cibo;San Patrizio Food&Beverage LTD;1,14;31/12/2021;
PS;216;PS216;PSOli216;Olio speziati;Cibo;San Patrizio Food&Beverage LTD;1,19;31/12/2021;
PM;217;PM217;PMSpr217;Spruzza;Cibo;Mangia Sano SNC;10,87;31/12/2021;
PC;218;PC218;PCCaf218;Caffè in capsule;Cibo;Caffe Brasiliano SARL;7,39;31/12/2021;
PS;219;PS219;PSOli219;Olio speziati;Cibo;San Patrizio Food&Beverage LTD;6,34;31/12/2021;
PS;220;PS220;PSOli220;Olio speziati;Cibo;San Patrizio Food&Beverage LTD;6,33;31/12/2021;
PM;221;PM221;PMMie221;Miele;Cibo;Mangia Sano SNC;15,47;31/12/2021;
PC;222;PC222;PCLat222;Latte;Cibo;Caffe Brasiliano SARL;4,09;31/12/2021;
PC;223;PC223;PCCaf223;Caffè in capsule;Cibo;Caffe Brasiliano SARL;6,26;31/12/2021;
PS;224;PS224;PSOrt224;Ortaggi;Cibo;San Patrizio Food&Beverage LTD;5,10;31/12/2021;
PC;225;PC225;PCZuc225;Zucchero;Cibo;Caffe Brasiliano SARL;6,06;31/12/2021;
PS;226;PS226;PSOli226;Olio speziati;Cibo;San Patrizio Food&Beverage LTD;0,93;31/12/2021;
PS;227;PS227;PSOli227;Olio speziati;Cibo;San Patrizio Food&Beverage LTD;0,87;31/12/2021;
PM;228;PM228;PMMie228;Miele;Cibo;Mangia Sano SNC;37,70;31/12/2021;
PS;229;PS229;PSSpe229;Spezie;Cibo;San Patrizio Food&Beverage LTD;6,66;31/12/2021;
PS;230;PS230;PSSpe230;Spezie;Cibo;San Patrizio Food&Beverage LTD;6,68;31/12/2021;
PS;231;PS231;PSOrt231;Ortaggi;Cibo;San Patrizio Food&Beverage LTD;4,29;31/12/2021;
PC;232;PC232;PCCaf232;Caffè;Cibo;Caffe Brasiliano SARL;12,08;31/12/2021;
PC;233;PC233;PCCaf233;Caffè;Cibo;Caffe Brasiliano SARL;12,10;31/12/2021;
PM;234;PM234;PMMie234;Miele;Cibo;Mangia Sano SNC;20,96;31/12/2021;
PM;235;PM235;PMMie235;Miele;Cibo;Mangia Sano SNC;12,32;31/12/2021;
PS;236;PS236;PSOli236;Olio speziati;Cibo;San Patrizio Food&Beverage LTD;1,24;31/12/2021;
PS;237;PS237;PSOli237;Olio speziati;Cibo;San Patrizio Food&Beverage LTD;1,23;31/12/2021;
PS;238;PS238;PSOli238;Olio speziati;Cibo;San Patrizio Food&Beverage LTD;1,24;31/12/2021;
PS;239;PS239;PSOli239;Olio speziati;Cibo;San Patrizio Food&Beverage LTD;1,24;31/12/2021;
PM;240;PM240;PMLie240;Lievito;Cibo;Mangia Sano SNC;0,88;31/12/2021;
PS;241;PS241;PSOli241;Olio speziati;Cibo;San Patrizio Food&Beverage LTD;1,30;31/12/2021;
PS;242;PS242;PSOli242;Olio speziati;Cibo;San Patrizio Food&Beverage LTD;1,29;31/12/2021;
PC;243;PC243;PCCaf243;Caffè;Cibo;Caffe Brasiliano SARL;12,22;31/12/2021;
PS;244;PS244;PSPop244;Popcorn;Cibo;San Patrizio Food&Beverage LTD;2,10;31/12/2021;
PC;245;PC245;PCLat245;Latte;Cibo;Caffe Brasiliano SARL;2,93;31/12/2021;
PC;246;PC246;PCLat246;Latte;Cibo;Caffe Brasiliano SARL;3,35;31/12/2021;
PM;247;PM247;PMAce247;Aceto;Cibo;Mangia Sano SNC;5,78;31/12/2021;
PC;248;PC248;PCCaf248;Caffè;Cibo;Caffe Brasiliano SARL;33,72;31/12/2021;
PC;249;PC249;PCCaf249;Caffè;Cibo;Caffe Brasiliano SARL;28,03;31/12/2021;
PS;250;PS250;PSOrt250;Ortaggi;Cibo;San Patrizio Food&Beverage LTD;5,02;31/12/2021;
PB;251;PB251;PBLiq251;Liquori;Bibite;Bibite Fresche SPA;4,38;31/12/2021;
PB;252;PB252;PBLiq252;Liquori;Bibite;Bibite Fresche SPA;41,23;31/12/2021;
PB;253;PB253;PBLiq253;Liquori;Bibite;Bibite Fresche SPA;41,53;31/12/2021;
PB;254;PB254;PBLiq254;Liquori;Bibite;Bibite Fresche SPA;4,37;31/12/2021;
PB;255;PB255;PBLiq255;Liquori;Bibite;Bibite Fresche SPA;5,57;31/12/2021;
PB;256;PB256;PBLiq256;Liquori;Bibite;Bibite Fresche SPA;15,42;31/12/2021;
PB;257;PB257;PBLiq257;Liquori;Bibite;Bibite Fresche SPA;16,01;31/12/2021;
PM;258;PM258;PMFar258;Farina;Cibo;Mangia Sano SNC;0,70;31/12/2021;
PM;259;PM259;PMMie259;Miele;Cibo;Mangia Sano SNC;11,38;31/12/2021;
PM;260;PM260;PMLie260;Lievito;Cibo;Mangia Sano SNC;0,69;31/12/2021;
PS;261;PS261;PSOli261;Olio speziati;Cibo;San Patrizio Food&Beverage LTD;1,32;31/12/2021;
PS;262;PS262;PSOli262;Olio speziati;Cibo;San Patrizio Food&Beverage LTD;1,31;31/12/2021;
PS;263;PS263;PSOli263;Olio speziati;Cibo;San Patrizio Food&Beverage LTD;1,42;31/12/2021;
PS;264;PS264;PSOli264;Olio speziati;Cibo;San Patrizio Food&Beverage LTD;1,44;31/12/2021;
PS;265;PS265;PSOli265;Olio speziati;Cibo;San Patrizio Food&Beverage LTD;1,43;31/12/2021;
PB;266;PB266;PBVin266;Vino rosso;Bibite;Bibite Fresche SPA;1,89;31/12/2021;
PB;267;PB267;PBVin267;Vino rosso;Bibite;Bibite Fresche SPA;1,96;31/12/2021;
PB;268;PB268;PBVin268;Vino rosso;Bibite;Bibite Fresche SPA;1,93;31/12/2021;
PB;269;PB269;PBVin269;Vino rosso;Bibite;Bibite Fresche SPA;1,95;31/12/2021;
PM;270;PM270;PMMie270;Miele;Cibo;Mangia Sano SNC;20,68;31/12/2021;
PC;271;PC271;PCCaf271;Caffè;Cibo;Caffe Brasiliano SARL;24,84;31/12/2021;
PB;272;PB272;PBVin272;Vino Bianco;Bibite;Bibite Fresche SPA;9,47;31/12/2021;
PB;273;PB273;PBVin273;Vino Bianco;Bibite;Bibite Fresche SPA;9,74;31/12/2021;
PB;274;PB274;PBVin274;Vino Bianco;Bibite;Bibite Fresche SPA;5,50;31/12/2021;
PB;275;PB275;PBVin275;Vino Bianco;Bibite;Bibite Fresche SPA;5,53;31/12/2021;
PB;276;PB276;PBVin276;Vino Bianco;Bibite;Bibite Fresche SPA;3,93;31/12/2021;
PM;277;PM277;PMLie277;Lievito;Cibo;Mangia Sano SNC;2,03;31/12/2021;
PB;278;PB278;PBBib278;Bibite Energetiche;Bibite;Bibite Fresche SPA;72,39;31/12/2021;
PM;279;PM279;PMLie279;Lievito;Cibo;Mangia Sano SNC;0,90;31/12/2021;
PM;280;PM280;PMFar280;Farina;Cibo;Mangia Sano SNC;1,56;31/12/2021;
PC;281;PC281;PCCaf281;Caffè in capsule;Cibo;Caffe Brasiliano SARL;3,27;31/12/2021;
PC;282;PC282;PCCaf282;Caffè in capsule;Cibo;Caffe Brasiliano SARL;3,23;31/12/2021;
PB;283;PB283;PBBib283;Bibite Energetiche;Bibite;Bibite Fresche SPA;41,20;31/12/2021;
PM;284;PM284;PMMie284;Miele;Cibo;Mangia Sano SNC;17,32;31/12/2021;
PS;285;PS285;PSSpe285;Spezie;Cibo;San Patrizio Food&Beverage LTD;3,01;31/12/2021;
PS;286;PS286;PSOli286;Olio speziati;Cibo;San Patrizio Food&Beverage LTD;10,14;31/12/2021;
PS;287;PS287;PSOli287;Olio speziati;Cibo;San Patrizio Food&Beverage LTD;1,30;31/12/2021;
PS;288;PS288;PSOrt288;Ortaggi;Cibo;San Patrizio Food&Beverage LTD;7,88;31/12/2021;
PS;289;PS289;PSOrt289;Ortaggi;Cibo;San Patrizio Food&Beverage LTD;3,28;31/12/2021;
PS;290;PS290;PSSpe290;Spezie;Cibo;San Patrizio Food&Beverage LTD;7,79;31/12/2021;
PC;291;PC291;PCCaf291;Caffè in capsule;Cibo;Caffe Brasiliano SARL;2,64;31/12/2021;
PS;292;PS292;PSPop292;Popcorn;Cibo;San Patrizio Food&Beverage LTD;2,03;31/12/2021;
PS;293;PS293;PSSpe293;Spezie;Cibo;San Patrizio Food&Beverage LTD;3,30;31/12/2021;
PM;294;PM294;PMLie294;Lievito;Cibo;Mangia Sano SNC;1,22;31/12/2021;
PM;295;PM295;PMLie295;Lievito;Cibo;Mangia Sano SNC;1,21;31/12/2021;
PC;296;PC296;PCCaf296;Caffè in capsule;Cibo;Caffe Brasiliano SARL;1,47;31/12/2021;
PC;297;PC297;PCCaf297;Caffè in capsule;Cibo;Caffe Brasiliano SARL;1,47;31/12/2021;
PM;298;PM298;PMLie298;Lievito;Cibo;Mangia Sano SNC;1,21;31/12/2021;
PC;299;PC299;PCCaf299;Caffè;Cibo;Caffe Brasiliano SARL;44,76;31/12/2021;
PM;300;PM300;PMLie300;Lievito;Cibo;Mangia Sano SNC;1,22;31/12/2021;
PM;301;PM301;PMLie301;Lievito;Cibo;Mangia Sano SNC;1,20;31/12/2021;
PM;302;PM302;PMLie302;Lievito;Cibo;Mangia Sano SNC;1,01;31/12/2021;
PM;303;PM303;PMLie303;Lievito;Cibo;Mangia Sano SNC;1,06;31/12/2021;
PS;304;PS304;PSOrt304;Ortaggi;Cibo;San Patrizio Food&Beverage LTD;5,06;31/12/2021;
PM;305;PM305;PMAce305;Aceto;Cibo;Mangia Sano SNC;5,35;31/12/2021;
PS;306;PS306;PSOli306;Olio speziati;Cibo;San Patrizio Food&Beverage LTD;0,25;31/12/2021;
PS;307;PS307;PSOli307;Olio speziati;Cibo;San Patrizio Food&Beverage LTD;0,25;31/12/2021;
PS;308;PS308;PSOli308;Olio speziati;Cibo;San Patrizio Food&Beverage LTD;0,25;31/12/2021;
PB;309;PB309;PBLiq309;Liquori;Bibite;Bibite Fresche SPA;15,39;31/12/2021;
PB;310;PB310;PBLiq310;Liquori;Bibite;Bibite Fresche SPA;41,39;31/12/2021;
PS;311;PS311;PSOli311;Olio speziati;Cibo;San Patrizio Food&Beverage LTD;0,39;31/12/2021;
PS;312;PS312;PSOli312;Olio speziati;Cibo;San Patrizio Food&Beverage LTD;0,39;31/12/2021;
PS;313;PS313;PSOli313;Olio speziati;Cibo;San Patrizio Food&Beverage LTD;0,38;31/12/2021;
PB;314;PB314;PBLiq314;Liquori;Bibite;Bibite Fresche SPA;6,76;31/12/2021;
PM;315;PM315;PMMie315;Miele;Cibo;Mangia Sano SNC;26,76;31/12/2021;
PM;316;PM316;PMFar316;Farina;Cibo;Mangia Sano SNC;20,52;31/12/2021;
PM;317;PM317;PMMie317;Miele;Cibo;Mangia Sano SNC;35,17;31/12/2021;
PM;318;PM318;PMMie318;Miele;Cibo;Mangia Sano SNC;32,39;31/12/2021;
PS;319;PS319;PSOli319;Olio speziati;Cibo;San Patrizio Food&Beverage LTD;9,96;31/12/2021;
PS;320;PS320;PSOli320;Olio speziati;Cibo;San Patrizio Food&Beverage LTD;0,38;31/12/2021;
PS;321;PS321;PSOli321;Olio speziati;Cibo;San Patrizio Food&Beverage LTD;0,41;31/12/2021;
PD;322;PD322;PDDol322;Dolci in scatola;Cibo;Dolci Grossi SRL;3,32;31/12/2021;
PS;323;PS323;PSSpe323;Spezie;Cibo;San Patrizio Food&Beverage LTD;3,02;31/12/2021;
PM;324;PM324;PMFar324;Farina;Cibo;Mangia Sano SNC;0,98;31/12/2021;
PM;325;PM325;PMFar325;Farina;Cibo;Mangia Sano SNC;0,98;31/12/2021;
PM;326;PM326;PMFar326;Farina;Cibo;Mangia Sano SNC;0,98;31/12/2021;
PM;327;PM327;PMFar327;Farina;Cibo;Mangia Sano SNC;1,10;31/12/2021;
PM;328;PM328;PMFar328;Farina;Cibo;Mangia Sano SNC;1,60;31/12/2021;
PM;329;PM329;PMFar329;Farina;Cibo;Mangia Sano SNC;2,71;31/12/2021;
PM;330;PM330;PMFar330;Farina;Cibo;Mangia Sano SNC;2,71;31/12/2021;
PB;331;PB331;PBLiq331;Liquori;Bibite;Bibite Fresche SPA;5,49;31/12/2021;
PB;332;PB332;PBLiq332;Liquori;Bibite;Bibite Fresche SPA;16,44;31/12/2021;
PB;333;PB333;PBLiq333;Liquori;Bibite;Bibite Fresche SPA;44,36;31/12/2021;
PB;334;PB334;PBLiq334;Liquori;Bibite;Bibite Fresche SPA;17,13;31/12/2021;
PB;335;PB335;PBLiq335;Liquori;Bibite;Bibite Fresche SPA;6,00;31/12/2021;
PB;336;PB336;PBLiq336;Liquori;Bibite;Bibite Fresche SPA;6,06;31/12/2021;
PB;337;PB337;PBLiq337;Liquori;Bibite;Bibite Fresche SPA;45,28;31/12/2021;
PB;338;PB338;PBLiq338;Liquori;Bibite;Bibite Fresche SPA;46,78;31/12/2021;
PM;339;PM339;PMSpr339;Spruzza;Cibo;Mangia Sano SNC;6,97;31/12/2021;
PB;340;PB340;PBLiq340;Liquori;Bibite;Bibite Fresche SPA;31,00;31/12/2021;
PB;341;PB341;PBBib341;Bibite Energetiche;Bibite;Bibite Fresche SPA;71,62;31/12/2021;
PC;342;PC342;PCCaf342;Caffè;Cibo;Caffe Brasiliano SARL;5,05;31/12/2021;
PS;343;PS343;PSOli343;Olio speziati;Cibo;San Patrizio Food&Beverage LTD;0,92;31/12/2021;
PC;344;PC344;PCCaf344;Caffè in capsule;Cibo;Caffe Brasiliano SARL;7,65;31/12/2021;
PM;345;PM345;PMFar345;Farina;Cibo;Mangia Sano SNC;1,45;31/12/2021;
PS;346;PS346;PSOli346;Olio speziati;Cibo;San Patrizio Food&Beverage LTD;0,89;31/12/2021;
PS;347;PS347;PSOli347;Olio speziati;Cibo;San Patrizio Food&Beverage LTD;0,89;31/12/2021;
PS;348;PS348;PSSpe348;Spezie;Cibo;San Patrizio Food&Beverage LTD;8,89;31/12/2021;
PC;349;PC349;PCCaf349;Caffè in capsule;Cibo;Caffe Brasiliano SARL;2,79;31/12/2021;
PM;350;PM350;PMMie350;Miele;Cibo;Mangia Sano SNC;26,30;31/12/2021;
PM;351;PM351;PMMie351;Miele;Cibo;Mangia Sano SNC;25,44;31/12/2021;
PM;352;PM352;PMMie352;Miele;Cibo;Mangia Sano SNC;24,19;31/12/2021;
PM;353;PM353;PMMie353;Miele;Cibo;Mangia Sano SNC;24,90;31/12/2021;
PM;354;PM354;PMSpr354;Spruzza;Cibo;Mangia Sano SNC;9,01;31/12/2021;
PM;355;PM355;PMSpr355;Spruzza;Cibo;Mangia Sano SNC;9,91;31/12/2021;
PM;356;PM356;PMSpr356;Spruzza;Cibo;Mangia Sano SNC;9,23;31/12/2021;
PM;357;PM357;PMSpr357;Spruzza;Cibo;Mangia Sano SNC;10,12;31/12/2021;
PB;358;PB358;PBLiq358;Liquori;Bibite;Bibite Fresche SPA;38,61;31/12/2021;
PB;359;PB359;PBLiq359;Liquori;Bibite;Bibite Fresche SPA;13,31;31/12/2021;
PS;360;PS360;PSPop360;Popcorn;Cibo;San Patrizio Food&Beverage LTD;2,01;31/12/2021;
PC;361;PC361;PCLat361;Latte;Cibo;Caffe Brasiliano SARL;3,51;31/12/2021;
PS;362;PS362;PSSpe362;Spezie;Cibo;San Patrizio Food&Beverage LTD;10,28;31/12/2021;
PB;363;PB363;PBLiq363;Liquori;Bibite;Bibite Fresche SPA;33,43;31/12/2021;
PB;364;PB364;PBLiq364;Liquori;Bibite;Bibite Fresche SPA;35,72;31/12/2021;
PB;365;PB365;PBBib365;Bibite Energetiche;Bibite;Bibite Fresche SPA;53,24;31/12/2021;
PB;366;PB366;PBBib366;Bibite Energetiche;Bibite;Bibite Fresche SPA;60,55;31/12/2021;
PB;367;PB367;PBBib367;Bibite Energetiche;Bibite;Bibite Fresche SPA;60,63;31/12/2021;
PB;368;PB368;PBLiq368;Liquori;Bibite;Bibite Fresche SPA;45,71;31/12/2021;
PC;369;PC369;PCCaf369;Caffè;Cibo;Caffe Brasiliano SARL;4,91;31/12/2021;
PM;370;PM370;PMMie370;Miele;Cibo;Mangia Sano SNC;37,80;31/12/2021;
PM;371;PM371;PMMie371;Miele;Cibo;Mangia Sano SNC;34,04;31/12/2021;
PD;372;PD372;PDDol372;Dolci vari;Cibo;Dolci Grossi SRL;14,04;31/12/2021;
PD;373;PD373;PDDol373;Dolci vari;Cibo;Dolci Grossi SRL;6,92;31/12/2021;
PD;374;PD374;PDDol374;Dolci vari;Cibo;Dolci Grossi SRL;7,07;31/12/2021;
PD;375;PD375;PDDol375;Dolci vari;Cibo;Dolci Grossi SRL;12,67;31/12/2021;
PM;376;PM376;PMSpr376;Spruzza;Cibo;Mangia Sano SNC;9,18;31/12/2021;
PM;377;PM377;PMSpr377;Spruzza;Cibo;Mangia Sano SNC;9,85;31/12/2021;
PM;378;PM378;PMMie378;Miele;Cibo;Mangia Sano SNC;20,69;31/12/2021;
PM;379;PM379;PMMie379;Miele;Cibo;Mangia Sano SNC;12,33;31/12/2021;
PM;380;PM380;PMMie380;Miele;Cibo;Mangia Sano SNC;21,57;31/12/2021;
PM;381;PM381;PMMie381;Miele;Cibo;Mangia Sano SNC;12,79;31/12/2021;
PM;382;PM382;PMFar382;Farina;Cibo;Mangia Sano SNC;5,13;31/12/2021;
PB;383;PB383;PBVin383;Vino;Bibite;Bibite Fresche SPA;27,26;31/12/2021;
PB;384;PB384;PBVin384;Vino;Bibite;Bibite Fresche SPA;27,51;31/12/2021;
PB;385;PB385;PBLiq385;Liquori;Bibite;Bibite Fresche SPA;6,15;31/12/2021;
PB;386;PB386;PBLiq386;Liquori;Bibite;Bibite Fresche SPA;6,07;31/12/2021;
PB;387;PB387;PBVin387;Vino Bianco;Bibite;Bibite Fresche SPA;2,07;31/12/2021;
PB;388;PB388;PBVin388;Vino Bianco;Bibite;Bibite Fresche SPA;2,06;31/12/2021;
PB;389;PB389;PBVin389;Vino;Bibite;Bibite Fresche SPA;26,38;31/12/2021;
PB;390;PB390;PBVin390;Vino Bianco;Bibite;Bibite Fresche SPA;1,42;31/12/2021;
PB;391;PB391;PBVin391;Vino Bianco;Bibite;Bibite Fresche SPA;1,53;31/12/2021;
PB;392;PB392;PBVin392;Vino;Bibite;Bibite Fresche SPA;26,31;31/12/2021;
PB;393;PB393;PBVin393;Vino Bianco;Bibite;Bibite Fresche SPA;1,47;31/12/2021;
PB;394;PB394;PBVin394;Vino Bianco;Bibite;Bibite Fresche SPA;1,49;31/12/2021;
PB;395;PB395;PBVin395;Vino Bianco;Bibite;Bibite Fresche SPA;1,48;31/12/2021;
PB;396;PB396;PBVin396;Vino Bianco;Bibite;Bibite Fresche SPA;1,53;31/12/2021;
PB;397;PB397;PBVin397;Vino;Bibite;Bibite Fresche SPA;2,67;31/12/2021;
PB;398;PB398;PBLiq398;Liquori;Bibite;Bibite Fresche SPA;30,01;31/12/2021;
PB;399;PB399;PBLiq399;Liquori;Bibite;Bibite Fresche SPA;31,23;31/12/2021;
PB;400;PB400;PBLiq400;Liquori;Bibite;Bibite Fresche SPA;40,04;31/12/2021;
PS;401;PS401;PSOrt401;Ortaggi;Cibo;San Patrizio Food&Beverage LTD;1,57;31/12/2021;
PS;402;PS402;PSOrt402;Ortaggi;Cibo;San Patrizio Food&Beverage LTD;1,60;31/12/2021;
PS;403;PS403;PSOrt403;Ortaggi;Cibo;San Patrizio Food&Beverage LTD;1,61;31/12/2021;
PS;404;PS404;PSOrt404;Ortaggi;Cibo;San Patrizio Food&Beverage LTD;1,61;31/12/2021;
PD;405;PD405;PDDol405;Dolci vari;Cibo;Dolci Grossi SRL;10,27;31/12/2021;
PB;406;PB406;PBBib406;Bibite Energetiche;Bibite;Bibite Fresche SPA;28,54;31/12/2021;
PB;407;PB407;PBBib407;Bibite Energetiche;Bibite;Bibite Fresche SPA;75,84;31/12/2021;
PB;408;PB408;PBBib408;Bibite Energetiche;Bibite;Bibite Fresche SPA;68,62;31/12/2021;
PB;409;PB409;PBVin409;Vino rosso;Bibite;Bibite Fresche SPA;0,80;31/12/2021;
PB;410;PB410;PBVin410;Vino rosso;Bibite;Bibite Fresche SPA;0,80;31/12/2021;
PB;411;PB411;PBVin411;Vino rosso;Bibite;Bibite Fresche SPA;0,83;31/12/2021;
PB;412;PB412;PBVin412;Vino rosso;Bibite;Bibite Fresche SPA;0,85;31/12/2021;
PB;413;PB413;PBVin413;Vino rosso;Bibite;Bibite Fresche SPA;0,85;31/12/2021;
PB;414;PB414;PBVin414;Vino rosso;Bibite;Bibite Fresche SPA;0,77;31/12/2021;
PB;415;PB415;PBVin415;Vino rosso;Bibite;Bibite Fresche SPA;0,78;31/12/2021;
PB;416;PB416;PBVin416;Vino rosso;Bibite;Bibite Fresche SPA;0,77;31/12/2021;
PB;417;PB417;PBVin417;Vino rosso;Bibite;Bibite Fresche SPA;0,84;31/12/2021;
PB;418;PB418;PBVin418;Vino rosso;Bibite;Bibite Fresche SPA;0,82;31/12/2021;
PB;419;PB419;PBVin419;Vino rosso;Bibite;Bibite Fresche SPA;0,78;31/12/2021;
PB;420;PB420;PBVin420;Vino rosso;Bibite;Bibite Fresche SPA;0,78;31/12/2021;
PB;421;PB421;PBVin421;Vino rosso;Bibite;Bibite Fresche SPA;0,85;31/12/2021;
PB;422;PB422;PBVin422;Vino rosso;Bibite;Bibite Fresche SPA;0,80;31/12/2021;
PB;423;PB423;PBVin423;Vino rosso;Bibite;Bibite Fresche SPA;0,84;31/12/2021;
PB;424;PB424;PBVin424;Vino rosso;Bibite;Bibite Fresche SPA;0,82;31/12/2021;
PB;425;PB425;PBVin425;Vino rosso;Bibite;Bibite Fresche SPA;0,83;31/12/2021;
PB;426;PB426;PBVin426;Vino rosso;Bibite;Bibite Fresche SPA;0,83;31/12/2021;
PB;427;PB427;PBVin427;Vino rosso;Bibite;Bibite Fresche SPA;0,84;31/12/2021;
PB;428;PB428;PBVin428;Vino rosso;Bibite;Bibite Fresche SPA;0,83;31/12/2021;
PB;429;PB429;PBVin429;Vino rosso;Bibite;Bibite Fresche SPA;0,83;31/12/2021;
PM;430;PM430;PMLie430;Lievito;Cibo;Mangia Sano SNC;1,21;31/12/2021;
PM;431;PM431;PMLie431;Lievito;Cibo;Mangia Sano SNC;1,20;31/12/2021;
PM;432;PM432;PMLie432;Lievito;Cibo;Mangia Sano SNC;1,17;31/12/2021;
PS;433;PS433;PSSpe433;Spezie;Cibo;San Patrizio Food&Beverage LTD;7,62;31/12/2021;
PB;434;PB434;PBLiq434;Liquori;Bibite;Bibite Fresche SPA;4,91;31/12/2021;
PB;435;PB435;PBLiq435;Liquori;Bibite;Bibite Fresche SPA;5,28;31/12/2021;
PB;436;PB436;PBLiq436;Liquori;Bibite;Bibite Fresche SPA;5,23;31/12/2021;
PB;437;PB437;PBLiq437;Liquori;Bibite;Bibite Fresche SPA;5,30;31/12/2021;
PB;438;PB438;PBLiq438;Liquori;Bibite;Bibite Fresche SPA;14,95;31/12/2021;
PC;439;PC439;PCZuc439;Zucchero;Cibo;Caffe Brasiliano SARL;2,30;31/12/2021;
PC;440;PC440;PCZuc440;Zucchero;Cibo;Caffe Brasiliano SARL;2,30;31/12/2021;
PM;441;PM441;PMAce441;Aceto;Cibo;Mangia Sano SNC;5,82;31/12/2021;
PB;442;PB442;PBLiq442;Liquori;Bibite;Bibite Fresche SPA;15,34;31/12/2021;
PB;443;PB443;PBLiq443;Liquori;Bibite;Bibite Fresche SPA;15,51;31/12/2021;
PB;444;PB444;PBLiq444;Liquori;Bibite;Bibite Fresche SPA;40,10;31/12/2021;
PB;445;PB445;PBLiq445;Liquori;Bibite;Bibite Fresche SPA;40,50;31/12/2021;
PB;446;PB446;PBLiq446;Liquori;Bibite;Bibite Fresche SPA;42,40;31/12/2021;
PB;447;PB447;PBLiq447;Liquori;Bibite;Bibite Fresche SPA;42,42;31/12/2021;
PB;448;PB448;PBLiq448;Liquori;Bibite;Bibite Fresche SPA;39,14;31/12/2021;
PM;449;PM449;PMSpr449;Spruzza;Cibo;Mangia Sano SNC;9,55;31/12/2021;
PB;450;PB450;PBLiq450;Liquori;Bibite;Bibite Fresche SPA;41,04;31/12/2021;
PB;451;PB451;PBLiq451;Liquori;Bibite;Bibite Fresche SPA;86,91;31/12/2021;
PB;452;PB452;PBLiq452;Liquori;Bibite;Bibite Fresche SPA;88,46;31/12/2021;
PB;453;PB453;PBLiq453;Liquori;Bibite;Bibite Fresche SPA;7,48;31/12/2021;
PB;454;PB454;PBBib454;Bibite Energetiche;Bibite;Bibite Fresche SPA;13,01;31/12/2021;
PB;455;PB455;PBBib455;Bibite Energetiche;Bibite;Bibite Fresche SPA;13,71;31/12/2021;
PB;456;PB456;PBBib456;Bibite Energetiche;Bibite;Bibite Fresche SPA;14,43;31/12/2021;
PB;457;PB457;PBBib457;Bibite Energetiche;Bibite;Bibite Fresche SPA;14,43;31/12/2021;
PB;458;PB458;PBBib458;Bibite Energetiche;Bibite;Bibite Fresche SPA;14,43;31/12/2021;
PB;459;PB459;PBBib459;Bibite Energetiche;Bibite;Bibite Fresche SPA;60,60;31/12/2021;
PC;460;PC460;PCLat460;Latte;Cibo;Caffe Brasiliano SARL;7,89;31/12/2021;
PM;461;PM461;PMFar461;Farina;Cibo;Mangia Sano SNC;0,73;31/12/2021;
PB;462;PB462;PBVin462;Vino Bianco;Bibite;Bibite Fresche SPA;2,03;31/12/2021;
PB;463;PB463;PBVin463;Vino Bianco;Bibite;Bibite Fresche SPA;2,05;31/12/2021;
PS;464;PS464;PSOli464;Olio speziati;Cibo;San Patrizio Food&Beverage LTD;1,31;31/12/2021;
PS;465;PS465;PSOrt465;Ortaggi;Cibo;San Patrizio Food&Beverage LTD;9,76;31/12/2021;
PS;466;PS466;PSOrt466;Ortaggi;Cibo;San Patrizio Food&Beverage LTD;9,61;31/12/2021;
PS;467;PS467;PSOli467;Olio speziati;Cibo;San Patrizio Food&Beverage LTD;1,34;31/12/2021;
PS;468;PS468;PSOrt468;Ortaggi;Cibo;San Patrizio Food&Beverage LTD;3,13;31/12/2021;
PS;469;PS469;PSOrt469;Ortaggi;Cibo;San Patrizio Food&Beverage LTD;3,12;31/12/2021;
PM;470;PM470;PMSpr470;Spruzza;Cibo;Mangia Sano SNC;9,34;31/12/2021;
PM;471;PM471;PMAce471;Aceto;Cibo;Mangia Sano SNC;4,04;31/12/2021;
PM;472;PM472;PMSpr472;Spruzza;Cibo;Mangia Sano SNC;10,03;31/12/2021;
PD;473;PD473;PDDol473;Dolci in scatola;Cibo;Dolci Grossi SRL;2,95;31/12/2021;
PC;474;PC474;PCZuc474;Zucchero;Cibo;Caffe Brasiliano SARL;2,90;31/12/2021;
PC;475;PC475;PCZuc475;Zucchero;Cibo;Caffe Brasiliano SARL;2,84;31/12/2021;
PB;476;PB476;PBVin476;Vino Bianco;Bibite;Bibite Fresche SPA;1,35;31/12/2021;
PB;477;PB477;PBVin477;Vino Bianco;Bibite;Bibite Fresche SPA;1,32;31/12/2021;
PB;478;PB478;PBVin478;Vino Bianco;Bibite;Bibite Fresche SPA;1,73;31/12/2021;
PC;479;PC479;PCCaf479;Caffè in capsule;Cibo;Caffe Brasiliano SARL;3,56;31/12/2021;
PS;480;PS480;PSOli480;Olio speziati;Cibo;San Patrizio Food&Beverage LTD;0,23;31/12/2021;
PD;481;PD481;PDDol481;Dolci vari;Cibo;Dolci Grossi SRL;20,79;31/12/2021;
PM;482;PM482;PMFar482;Farina;Cibo;Mangia Sano SNC;10,30;31/12/2021;
PS;483;PS483;PSOli483;Olio speziati;Cibo;San Patrizio Food&Beverage LTD;0,27;31/12/2021;
PS;484;PS484;PSOli484;Olio speziati;Cibo;San Patrizio Food&Beverage LTD;0,27;31/12/2021;
PS;485;PS485;PSOli485;Olio speziati;Cibo;San Patrizio Food&Beverage LTD;0,28;31/12/2021;
PS;486;PS486;PSOrt486;Ortaggi;Cibo;San Patrizio Food&Beverage LTD;3,49;31/12/2021;
PM;487;PM487;PMMie487;Miele;Cibo;Mangia Sano SNC;35,65;31/12/2021;
PM;488;PM488;PMMie488;Miele;Cibo;Mangia Sano SNC;17,96;31/12/2021;
PM;489;PM489;PMMie489;Miele;Cibo;Mangia Sano SNC;33,26;31/12/2021;
PC;490;PC490;PCCaf490;Caffè;Cibo;Caffe Brasiliano SARL;24,83;31/12/2021;
PB;491;PB491;PBVin491;Vino;Bibite;Bibite Fresche SPA;16,71;31/12/2021;
PB;492;PB492;PBVin492;Vino;Bibite;Bibite Fresche SPA;16,69;31/12/2021;
PB;493;PB493;PBVin493;Vino;Bibite;Bibite Fresche SPA;17,32;31/12/2021;
PB;494;PB494;PBVin494;Vino Bianco;Bibite;Bibite Fresche SPA;1,40;31/12/2021;
PB;495;PB495;PBVin495;Vino Bianco;Bibite;Bibite Fresche SPA;1,48;31/12/2021;
PB;496;PB496;PBVin496;Vino rosso;Bibite;Bibite Fresche SPA;0,77;31/12/2021;
PB;497;PB497;PBVin497;Vino rosso;Bibite;Bibite Fresche SPA;0,82;31/12/2021;
PB;498;PB498;PBVin498;Vino rosso;Bibite;Bibite Fresche SPA;0,83;31/12/2021;
PB;499;PB499;PBVin499;Vino rosso;Bibite;Bibite Fresche SPA;0,82;31/12/2021;
PB;500;PB500;PBVin500;Vino rosso;Bibite;Bibite Fresche SPA;0,85;31/12/2021;
PB;501;PB501;PBVin501;Vino rosso;Bibite;Bibite Fresche SPA;0,85;31/12/2021;
PB;502;PB502;PBVin502;Vino rosso;Bibite;Bibite Fresche SPA;0,86;31/12/2021;
PB;503;PB503;PBVin503;Vino rosso;Bibite;Bibite Fresche SPA;0,84;31/12/2021;
PS;504;PS504;PSOli504;Olio speziati;Cibo;San Patrizio Food&Beverage LTD;0,72;31/12/2021;
PS;505;PS505;PSOli505;Olio speziati;Cibo;San Patrizio Food&Beverage LTD;0,71;31/12/2021;
PS;506;PS506;PSOli506;Olio speziati;Cibo;San Patrizio Food&Beverage LTD;0,72;31/12/2021;
PC;507;PC507;PCLat507;Latte;Cibo;Caffe Brasiliano SARL;1,87;31/12/2021;
PC;508;PC508;PCCaf508;Caffè;Cibo;Caffe Brasiliano SARL;25,27;31/12/2021;
PS;509;PS509;PSSpe509;Spezie;Cibo;San Patrizio Food&Beverage LTD;3,08;31/12/2021;
PC;510;PC510;PCTè510;Tè;Bibite;Caffe Brasiliano SARL;8,10;31/12/2021;
PS;511;PS511;PSOli511;Olio speziati;Cibo;San Patrizio Food&Beverage LTD;5,46;31/12/2021;
PM;512;PM512;PMLie512;Lievito;Cibo;Mangia Sano SNC;0,23;31/12/2021;
PM;513;PM513;PMLie513;Lievito;Cibo;Mangia Sano SNC;0,22;31/12/2021;
PM;514;PM514;PMLie514;Lievito;Cibo;Mangia Sano SNC;0,73;31/12/2021;
PM;515;PM515;PMLie515;Lievito;Cibo;Mangia Sano SNC;0,72;31/12/2021;
PM;516;PM516;PMLie516;Lievito;Cibo;Mangia Sano SNC;0,74;31/12/2021;
PC;517;PC517;PCCaf517;Caffè;Cibo;Caffe Brasiliano SARL;24,60;31/12/2021;
PM;518;PM518;PMFar518;Farina;Cibo;Mangia Sano SNC;2,67;31/12/2021;
PM;519;PM519;PMFar519;Farina;Cibo;Mangia Sano SNC;2,66;31/12/2021;
PM;520;PM520;PMFar520;Farina;Cibo;Mangia Sano SNC;2,64;31/12/2021;
PM;521;PM521;PMFar521;Farina;Cibo;Mangia Sano SNC;2,67;31/12/2021;
PM;522;PM522;PMFar522;Farina;Cibo;Mangia Sano SNC;2,68;31/12/2021;
PM;523;PM523;PMFar523;Farina;Cibo;Mangia Sano SNC;2,67;31/12/2021;
PM;524;PM524;PMFar524;Farina;Cibo;Mangia Sano SNC;2,67;31/12/2021;
PM;525;PM525;PMSpr525;Spruzza;Cibo;Mangia Sano SNC;9,08;31/12/2021;
PM;526;PM526;PMFar526;Farina;Cibo;Mangia Sano SNC;2,63;31/12/2021;
PM;527;PM527;PMFar527;Farina;Cibo;Mangia Sano SNC;2,67;31/12/2021;
PM;528;PM528;PMFar528;Farina;Cibo;Mangia Sano SNC;2,64;31/12/2021;
PS;529;PS529;PSOli529;Olio speziati;Cibo;San Patrizio Food&Beverage LTD;1,47;31/12/2021;
PS;530;PS530;PSOli530;Olio speziati;Cibo;San Patrizio Food&Beverage LTD;0,70;31/12/2021;
PS;531;PS531;PSOli531;Olio speziati;Cibo;San Patrizio Food&Beverage LTD;0,66;31/12/2021;
PS;532;PS532;PSOli532;Olio speziati;Cibo;San Patrizio Food&Beverage LTD;1,47;31/12/2021;
PB;533;PB533;PBVin533;Vino rosso;Bibite;Bibite Fresche SPA;0,80;31/12/2021;
PB;534;PB534;PBVin534;Vino rosso;Bibite;Bibite Fresche SPA;0,81;31/12/2021;
PB;535;PB535;PBVin535;Vino rosso;Bibite;Bibite Fresche SPA;0,85;31/12/2021;
PB;536;PB536;PBVin536;Vino rosso;Bibite;Bibite Fresche SPA;0,84;31/12/2021;
PB;537;PB537;PBVin537;Vino rosso;Bibite;Bibite Fresche SPA;0,77;31/12/2021;
PB;538;PB538;PBVin538;Vino rosso;Bibite;Bibite Fresche SPA;0,86;31/12/2021;
PB;539;PB539;PBVin539;Vino rosso;Bibite;Bibite Fresche SPA;0,85;31/12/2021;
PB;540;PB540;PBVin540;Vino rosso;Bibite;Bibite Fresche SPA;0,83;31/12/2021;
PB;541;PB541;PBVin541;Vino rosso;Bibite;Bibite Fresche SPA;0,84;31/12/2021;
PB;542;PB542;PBVin542;Vino rosso;Bibite;Bibite Fresche SPA;0,85;31/12/2021;
PB;543;PB543;PBVin543;Vino rosso;Bibite;Bibite Fresche SPA;0,83;31/12/2021;
PB;544;PB544;PBVin544;Vino rosso;Bibite;Bibite Fresche SPA;0,81;31/12/2021;
PB;545;PB545;PBVin545;Vino rosso;Bibite;Bibite Fresche SPA;0,85;31/12/2021;
PB;546;PB546;PBVin546;Vino rosso;Bibite;Bibite Fresche SPA;0,78;31/12/2021;
PB;547;PB547;PBVin547;Vino rosso;Bibite;Bibite Fresche SPA;0,81;31/12/2021;
PB;548;PB548;PBLiq548;Liquori;Bibite;Bibite Fresche SPA;6,65;31/12/2021;
PB;549;PB549;PBLiq549;Liquori;Bibite;Bibite Fresche SPA;6,75;31/12/2021;
PB;550;PB550;PBVin550;Vino rosso;Bibite;Bibite Fresche SPA;0,82;31/12/2021;
PB;551;PB551;PBLiq551;Liquori;Bibite;Bibite Fresche SPA;6,86;31/12/2021;
PB;552;PB552;PBLiq552;Liquori;Bibite;Bibite Fresche SPA;6,76;31/12/2021;
PB;553;PB553;PBLiq553;Liquori;Bibite;Bibite Fresche SPA;6,73;31/12/2021;
PM;554;PM554;PMFar554;Farina;Cibo;Mangia Sano SNC;1,79;31/12/2021;
PB;555;PB555;PBBib555;Bibite Energetiche;Bibite;Bibite Fresche SPA;62,90;31/12/2021;
PB;556;PB556;PBBib556;Bibite Energetiche;Bibite;Bibite Fresche SPA;57,90;31/12/2021;
PB;557;PB557;PBBib557;Bibite Energetiche;Bibite;Bibite Fresche SPA;54,29;31/12/2021;
PB;558;PB558;PBBib558;Bibite Energetiche;Bibite;Bibite Fresche SPA;60,67;31/12/2021;
PB;559;PB559;PBBib559;Bibite Energetiche;Bibite;Bibite Fresche SPA;29,93;31/12/2021;
PB;560;PB560;PBBib560;Bibite Energetiche;Bibite;Bibite Fresche SPA;28,00;31/12/2021;
PB;561;PB561;PBBib561;Bibite Energetiche;Bibite;Bibite Fresche SPA;26,60;31/12/2021;
PB;562;PB562;PBBib562;Bibite Energetiche;Bibite;Bibite Fresche SPA;29,40;31/12/2021;
PB;563;PB563;PBBib563;Bibite Energetiche;Bibite;Bibite Fresche SPA;28,49;31/12/2021;
PB;564;PB564;PBBib564;Bibite Energetiche;Bibite;Bibite Fresche SPA;45,27;31/12/2021;
PB;565;PB565;PBBib565;Bibite Energetiche;Bibite;Bibite Fresche SPA;24,78;31/12/2021;
PB;566;PB566;PBBib566;Bibite Energetiche;Bibite;Bibite Fresche SPA;27,27;31/12/2021;
PB;567;PB567;PBVin567;Vino rosso;Bibite;Bibite Fresche SPA;2,37;31/12/2021;
PB;568;PB568;PBVin568;Vino rosso;Bibite;Bibite Fresche SPA;1,16;31/12/2021;
PB;569;PB569;PBVin569;Vino rosso;Bibite;Bibite Fresche SPA;1,16;31/12/2021;
PB;570;PB570;PBVin570;Vino Bianco;Bibite;Bibite Fresche SPA;1,97;31/12/2021;
PB;571;PB571;PBVin571;Vino Bianco;Bibite;Bibite Fresche SPA;2,05;31/12/2021;
PB;572;PB572;PBVin572;Vino Bianco;Bibite;Bibite Fresche SPA;5,11;31/12/2021;
PB;573;PB573;PBVin573;Vino Bianco;Bibite;Bibite Fresche SPA;5,38;31/12/2021;
PB;574;PB574;PBVin574;Vino Bianco;Bibite;Bibite Fresche SPA;9,44;31/12/2021;
PB;575;PB575;PBLiq575;Liquori;Bibite;Bibite Fresche SPA;44,66;31/12/2021;
PB;576;PB576;PBLiq576;Liquori;Bibite;Bibite Fresche SPA;5,77;31/12/2021;
PB;577;PB577;PBLiq577;Liquori;Bibite;Bibite Fresche SPA;30,23;31/12/2021;
PB;578;PB578;PBLiq578;Liquori;Bibite;Bibite Fresche SPA;5,80;31/12/2021;
PB;579;PB579;PBVin579;Vino Bianco;Bibite;Bibite Fresche SPA;3,06;31/12/2021;
PB;580;PB580;PBVin580;Vino Bianco;Bibite;Bibite Fresche SPA;2,87;31/12/2021;
PB;581;PB581;PBVin581;Vino Bianco;Bibite;Bibite Fresche SPA;2,82;31/12/2021;
PS;582;PS582;PSOrt582;Ortaggi;Cibo;San Patrizio Food&Beverage LTD;3,40;31/12/2021;
PB;583;PB583;PBVin583;Vino Bianco;Bibite;Bibite Fresche SPA;2,81;31/12/2021;
PS;584;PS584;PSOli584;Olio speziati;Cibo;San Patrizio Food&Beverage LTD;0,21;31/12/2021;
PB;585;PB585;PBVin585;Vino Bianco;Bibite;Bibite Fresche SPA;3,30;31/12/2021;
PB;586;PB586;PBVin586;Vino Bianco;Bibite;Bibite Fresche SPA;2,44;31/12/2021;
PB;587;PB587;PBVin587;Vino Bianco;Bibite;Bibite Fresche SPA;1,83;31/12/2021;
PB;588;PB588;PBVin588;Vino Bianco;Bibite;Bibite Fresche SPA;3,12;31/12/2021;
PB;589;PB589;PBVin589;Vino Bianco;Bibite;Bibite Fresche SPA;1,79;31/12/2021;
PB;590;PB590;PBLiq590;Liquori;Bibite;Bibite Fresche SPA;16,86;31/12/2021;
PS;591;PS591;PSOli591;Olio speziati;Cibo;San Patrizio Food&Beverage LTD;0,27;31/12/2021;
PB;592;PB592;PBLiq592;Liquori;Bibite;Bibite Fresche SPA;43,63;31/12/2021;
PB;593;PB593;PBLiq593;Liquori;Bibite;Bibite Fresche SPA;42,95;31/12/2021;
PB;594;PB594;PBVin594;Vino Bianco;Bibite;Bibite Fresche SPA;1,52;31/12/2021;
PS;595;PS595;PSOli595;Olio speziati;Cibo;San Patrizio Food&Beverage LTD;0,93;31/12/2021;
PS;596;PS596;PSOli596;Olio speziati;Cibo;San Patrizio Food&Beverage LTD;0,93;31/12/2021;
PB;597;PB597;PBLiq597;Liquori;Bibite;Bibite Fresche SPA;6,50;31/12/2021;
PB;598;PB598;PBLiq598;Liquori;Bibite;Bibite Fresche SPA;6,57;31/12/2021;
PB;599;PB599;PBLiq599;Liquori;Bibite;Bibite Fresche SPA;6,14;31/12/2021;
PB;600;PB600;PBLiq600;Liquori;Bibite;Bibite Fresche SPA;4,31;31/12/2021;
PB;601;PB601;PBLiq601;Liquori;Bibite;Bibite Fresche SPA;6,97;31/12/2021;
PB;602;PB602;PBLiq602;Liquori;Bibite;Bibite Fresche SPA;35,41;31/12/2021;
PB;603;PB603;PBLiq603;Liquori;Bibite;Bibite Fresche SPA;37,35;31/12/2021;
PB;604;PB604;PBLiq604;Liquori;Bibite;Bibite Fresche SPA;38,24;31/12/2021;
PB;605;PB605;PBLiq605;Liquori;Bibite;Bibite Fresche SPA;35,53;31/12/2021;
PB;606;PB606;PBLiq606;Liquori;Bibite;Bibite Fresche SPA;37,65;31/12/2021;
PM;607;PM607;PMFar607;Farina;Cibo;Mangia Sano SNC;1,01;31/12/2021;
PS;608;PS608;PSOli608;Olio speziati;Cibo;San Patrizio Food&Beverage LTD;1,28;31/12/2021;
PS;609;PS609;PSOrt609;Ortaggi;Cibo;San Patrizio Food&Beverage LTD;4,09;31/12/2021;
PS;610;PS610;PSOli610;Olio d'Oliva;Cibo;San Patrizio Food&Beverage LTD;6,56;31/12/2021;
PM;611;PM611;PMFar611;Farina;Cibo;Mangia Sano SNC;1,11;31/12/2021;
PM;612;PM612;PMFar612;Farina;Cibo;Mangia Sano SNC;1,11;31/12/2021;
PS;613;PS613;PSOli613;Olio d'Oliva;Cibo;San Patrizio Food&Beverage LTD;5,24;31/12/2021;
PB;614;PB614;PBLiq614;Liquori;Bibite;Bibite Fresche SPA;14,60;31/12/2021;
PB;615;PB615;PBLiq615;Liquori;Bibite;Bibite Fresche SPA;14,05;31/12/2021;
PS;616;PS616;PSOli616;Olio d'Oliva;Cibo;San Patrizio Food&Beverage LTD;5,10;31/12/2021;
PB;617;PB617;PBLiq617;Liquori;Bibite;Bibite Fresche SPA;9,11;31/12/2021;
PM;618;PM618;PMFar618;Farina;Cibo;Mangia Sano SNC;1,16;31/12/2021;
PC;619;PC619;PCCaf619;Caffè in capsule;Cibo;Caffe Brasiliano SARL;3,58;31/12/2021;
PS;620;PS620;PSOrt620;Ortaggi;Cibo;San Patrizio Food&Beverage LTD;3,31;31/12/2021;
PS;621;PS621;PSSpe621;Spezie;Cibo;San Patrizio Food&Beverage LTD;7,75;31/12/2021;
PS;622;PS622;PSSpe622;Spezie;Cibo;San Patrizio Food&Beverage LTD;6,30;31/12/2021;
PS;623;PS623;PSOrt623;Ortaggi;Cibo;San Patrizio Food&Beverage LTD;7,20;31/12/2021;
PM;624;PM624;PMLie624;Lievito;Cibo;Mangia Sano SNC;0,48;31/12/2021;
PM;625;PM625;PMLie625;Lievito;Cibo;Mangia Sano SNC;0,48;31/12/2021;
PM;626;PM626;PMLie626;Lievito;Cibo;Mangia Sano SNC;0,47;31/12/2021;
PM;627;PM627;PMLie627;Lievito;Cibo;Mangia Sano SNC;0,46;31/12/2021;
PM;628;PM628;PMLie628;Lievito;Cibo;Mangia Sano SNC;0,47;31/12/2021;
PM;629;PM629;PMLie629;Lievito;Cibo;Mangia Sano SNC;0,41;31/12/2021;
PM;630;PM630;PMLie630;Lievito;Cibo;Mangia Sano SNC;0,40;31/12/2021;
PS;631;PS631;PSOrt631;Ortaggi;Cibo;San Patrizio Food&Beverage LTD;6,59;31/12/2021;
PS;632;PS632;PSOrt632;Ortaggi;Cibo;San Patrizio Food&Beverage LTD;3,40;31/12/2021;
PM;633;PM633;PMAce633;Aceto;Cibo;Mangia Sano SNC;2,61;31/12/2021;
PS;634;PS634;PSOli634;Olio speziati;Cibo;San Patrizio Food&Beverage LTD;5,45;31/12/2021;
PS;635;PS635;PSOli635;Olio speziati;Cibo;San Patrizio Food&Beverage LTD;8,69;31/12/2021;
PS;636;PS636;PSOli636;Olio speziati;Cibo;San Patrizio Food&Beverage LTD;8,72;31/12/2021;
PS;637;PS637;PSOli637;Olio speziati;Cibo;San Patrizio Food&Beverage LTD;8,74;31/12/2021;
PD;638;PD638;PDDol638;Dolci in scatola;Cibo;Dolci Grossi SRL;3,71;31/12/2021;
PC;639;PC639;PCCaf639;Caffè;Cibo;Caffe Brasiliano SARL;25,02;31/12/2021;
PM;640;PM640;PMFar640;Farina;Cibo;Mangia Sano SNC;4,34;31/12/2021;
PM;641;PM641;PMFar641;Farina;Cibo;Mangia Sano SNC;13,43;31/12/2021;
PS;642;PS642;PSSpe642;Spezie;Cibo;San Patrizio Food&Beverage LTD;10,51;31/12/2021;
PM;643;PM643;PMSpr643;Spruzza;Cibo;Mangia Sano SNC;8,04;31/12/2021;
PM;644;PM644;PMLie644;Lievito;Cibo;Mangia Sano SNC;0,84;31/12/2021;
PM;645;PM645;PMLie645;Lievito;Cibo;Mangia Sano SNC;0,83;31/12/2021;
PM;646;PM646;PMSpr646;Spruzza;Cibo;Mangia Sano SNC;7,60;31/12/2021;
PM;647;PM647;PMSpr647;Spruzza;Cibo;Mangia Sano SNC;7,26;31/12/2021;
PM;648;PM648;PMSpr648;Spruzza;Cibo;Mangia Sano SNC;7,30;31/12/2021;
PM;649;PM649;PMSpr649;Spruzza;Cibo;Mangia Sano SNC;6,91;31/12/2021;
PM;650;PM650;PMSpr650;Spruzza;Cibo;Mangia Sano SNC;5,61;31/12/2021;
PM;651;PM651;PMLie651;Lievito;Cibo;Mangia Sano SNC;0,90;31/12/2021;
PC;652;PC652;PCZuc652;Zucchero;Cibo;Caffe Brasiliano SARL;2,49;31/12/2021;
PM;653;PM653;PMLie653;Lievito;Cibo;Mangia Sano SNC;0,89;31/12/2021;
PM;654;PM654;PMLie654;Lievito;Cibo;Mangia Sano SNC;1,14;31/12/2021;
PC;655;PC655;PCZuc655;Zucchero;Cibo;Caffe Brasiliano SARL;2,43;31/12/2021;
PM;656;PM656;PMLie656;Lievito;Cibo;Mangia Sano SNC;1,10;31/12/2021;
PM;657;PM657;PMFar657;Farina;Cibo;Mangia Sano SNC;0,74;31/12/2021;
PS;658;PS658;PSOli658;Olio speziati;Cibo;San Patrizio Food&Beverage LTD;0,41;31/12/2021;
PM;659;PM659;PMLie659;Lievito;Cibo;Mangia Sano SNC;0,77;31/12/2021;
PM;660;PM660;PMLie660;Lievito;Cibo;Mangia Sano SNC;0,74;31/12/2021;
PM;661;PM661;PMSpr661;Spruzza;Cibo;Mangia Sano SNC;6,21;31/12/2021;
PM;662;PM662;PMFar662;Farina;Cibo;Mangia Sano SNC;2,68;31/12/2021;
PM;663;PM663;PMFar663;Farina;Cibo;Mangia Sano SNC;5,49;31/12/2021;
PS;664;PS664;PSOli664;Olio speziati;Cibo;San Patrizio Food&Beverage LTD;0,70;31/12/2021;
PS;665;PS665;PSSpe665;Spezie;Cibo;San Patrizio Food&Beverage LTD;9,25;31/12/2021;
PM;666;PM666;PMAce666;Aceto;Cibo;Mangia Sano SNC;7,04;31/12/2021;
PC;667;PC667;PCZuc667;Zucchero;Cibo;Caffe Brasiliano SARL;3,54;31/12/2021;
PM;668;PM668;PMFar668;Farina;Cibo;Mangia Sano SNC;15,73;31/12/2021;
PD;669;PD669;PDDol669;Dolci vari;Cibo;Dolci Grossi SRL;23,76;31/12/2021;
PM;670;PM670;PMFar670;Farina;Cibo;Mangia Sano SNC;13,43;31/12/2021;
PS;671;PS671;PSPop671;Popcorn;Cibo;San Patrizio Food&Beverage LTD;2,80;31/12/2021;
PM;672;PM672;PMFar672;Farina;Cibo;Mangia Sano SNC;15,97;31/12/2021;
PM;673;PM673;PMAce673;Aceto;Cibo;Mangia Sano SNC;0,97;31/12/2021;
PS;674;PS674;PSSpe674;Spezie;Cibo;San Patrizio Food&Beverage LTD;2,06;31/12/2021;
PD;675;PD675;PDDol675;Dolci vari;Cibo;Dolci Grossi SRL;24,15;31/12/2021;
PC;676;PC676;PCCaf676;Caffè in capsule;Cibo;Caffe Brasiliano SARL;2,82;31/12/2021;
PM;677;PM677;PMFar677;Farina;Cibo;Mangia Sano SNC;2,61;31/12/2021;
PM;678;PM678;PMFar678;Farina;Cibo;Mangia Sano SNC;18,31;31/12/2021;
PC;679;PC679;PCCaf679;Caffè in capsule;Cibo;Caffe Brasiliano SARL;2,79;31/12/2021;
PM;680;PM680;PMLie680;Lievito;Cibo;Mangia Sano SNC;0,87;31/12/2021;
PM;681;PM681;PMLie681;Lievito;Cibo;Mangia Sano SNC;0,49;31/12/2021;
PM;682;PM682;PMLie682;Lievito;Cibo;Mangia Sano SNC;0,48;31/12/2021;
PM;683;PM683;PMLie683;Lievito;Cibo;Mangia Sano SNC;0,90;31/12/2021;
PS;684;PS684;PSOrt684;Ortaggi;Cibo;San Patrizio Food&Beverage LTD;3,39;31/12/2021;
PM;685;PM685;PMFar685;Farina;Cibo;Mangia Sano SNC;20,60;31/12/2021;
PM;686;PM686;PMFar686;Farina;Cibo;Mangia Sano SNC;0,57;31/12/2021;
PM;687;PM687;PMFar687;Farina;Cibo;Mangia Sano SNC;17,27;31/12/2021;
PS;688;PS688;PSOli688;Olio speziati;Cibo;San Patrizio Food&Beverage LTD;3,22;31/12/2021;
PS;689;PS689;PSOrt689;Ortaggi;Cibo;San Patrizio Food&Beverage LTD;3,76;31/12/2021;
PS;690;PS690;PSOli690;Olio speziati;Cibo;San Patrizio Food&Beverage LTD;1,01;31/12/2021;
PS;691;PS691;PSOrt691;Ortaggi;Cibo;San Patrizio Food&Beverage LTD;3,25;31/12/2021;
PS;692;PS692;PSOli692;Olio speziati;Cibo;San Patrizio Food&Beverage LTD;1,00;31/12/2021;
PC;693;PC693;PCZuc693;Zucchero;Cibo;Caffe Brasiliano SARL;2,09;31/12/2021;
PS;694;PS694;PSOli694;Olio speziati;Cibo;San Patrizio Food&Beverage LTD;0,69;31/12/2021;
PS;695;PS695;PSOrt695;Ortaggi;Cibo;San Patrizio Food&Beverage LTD;1,59;31/12/2021;
PS;696;PS696;PSOrt696;Ortaggi;Cibo;San Patrizio Food&Beverage LTD;1,57;31/12/2021;
PD;697;PD697;PDDol697;Dolci vari;Cibo;Dolci Grossi SRL;12,69;31/12/2021;
PC;698;PC698;PCZuc698;Zucchero;Cibo;Caffe Brasiliano SARL;2,09;31/12/2021;
PC;699;PC699;PCZuc699;Zucchero;Cibo;Caffe Brasiliano SARL;2,07;31/12/2021;
PC;700;PC700;PCZuc700;Zucchero;Cibo;Caffe Brasiliano SARL;2,06;31/12/2021;
PM;701;PM701;PMFar701;Farina;Cibo;Mangia Sano SNC;12,44;31/12/2021;
PS;702;PS702;PSOli702;Olio speziati;Cibo;San Patrizio Food&Beverage LTD;1,11;31/12/2021;
PS;703;PS703;PSOli703;Olio speziati;Cibo;San Patrizio Food&Beverage LTD;1,12;31/12/2021;
PS;704;PS704;PSOli704;Olio speziati;Cibo;San Patrizio Food&Beverage LTD;1,32;31/12/2021;
PS;705;PS705;PSOli705;Olio speziati;Cibo;San Patrizio Food&Beverage LTD;1,31;31/12/2021;
PS;706;PS706;PSPas706;Passata di pomodoro;Cibo;San Patrizio Food&Beverage LTD;1,79;31/12/2021;
PM;707;PM707;PMFar707;Farina;Cibo;Mangia Sano SNC;2,41;31/12/2021;
PM;708;PM708;PMFar708;Farina;Cibo;Mangia Sano SNC;2,65;31/12/2021;
PB;709;PB709;PBLiq709;Liquori;Bibite;Bibite Fresche SPA;40,82;31/12/2021;
PB;710;PB710;PBLiq710;Liquori;Bibite;Bibite Fresche SPA;36,92;31/12/2021;
PM;711;PM711;PMLie711;Lievito;Cibo;Mangia Sano SNC;2,22;31/12/2021;
PM;712;PM712;PMLie712;Lievito;Cibo;Mangia Sano SNC;2,43;31/12/2021;
PM;713;PM713;PMFar713;Farina;Cibo;Mangia Sano SNC;14,79;31/12/2021;
PM;714;PM714;PMFar714;Farina;Cibo;Mangia Sano SNC;17,78;31/12/2021;
PC;715;PC715;PCCaf715;Caffè;Cibo;Caffe Brasiliano SARL;24,49;31/12/2021;
PS;716;PS716;PSOrt716;Ortaggi;Cibo;San Patrizio Food&Beverage LTD;3,54;31/12/2021;
PS;717;PS717;PSOrt717;Ortaggi;Cibo;San Patrizio Food&Beverage LTD;3,36;31/12/2021;
PS;718;PS718;PSOrt718;Ortaggi;Cibo;San Patrizio Food&Beverage LTD;2,83;31/12/2021;
PC;719;PC719;PCZuc719;Zucchero;Cibo;Caffe Brasiliano SARL;5,56;31/12/2021;
PC;720;PC720;PCZuc720;Zucchero;Cibo;Caffe Brasiliano SARL;5,60;31/12/2021;
PS;721;PS721;PSOli721;Olio speziati;Cibo;San Patrizio Food&Beverage LTD;0,38;31/12/2021;
PS;722;PS722;PSOli722;Olio speziati;Cibo;San Patrizio Food&Beverage LTD;0,37;31/12/2021;
PS;723;PS723;PSOli723;Olio speziati;Cibo;San Patrizio Food&Beverage LTD;0,37;31/12/2021;
PS;724;PS724;PSOli724;Olio d'Oliva;Cibo;San Patrizio Food&Beverage LTD;6,54;31/12/2021;
PD;725;PD725;PDDol725;Dolci in scatola;Cibo;Dolci Grossi SRL;1,14;31/12/2021;
PS;726;PS726;PSOli726;Olio d'Oliva;Cibo;San Patrizio Food&Beverage LTD;5,58;31/12/2021;
PS;727;PS727;PSOli727;Olio d'Oliva;Cibo;San Patrizio Food&Beverage LTD;7,25;31/12/2021;
PS;728;PS728;PSOli728;Olio d'Oliva;Cibo;San Patrizio Food&Beverage LTD;4,08;31/12/2021;
PS;729;PS729;PSOrt729;Ortaggi;Cibo;San Patrizio Food&Beverage LTD;3,23;31/12/2021;
PC;730;PC730;PCZuc730;Zucchero;Cibo;Caffe Brasiliano SARL;8,72;31/12/2021;
PM;731;PM731;PMFar731;Farina;Cibo;Mangia Sano SNC;2,99;31/12/2021;
PM;732;PM732;PMFar732;Farina;Cibo;Mangia Sano SNC;3,00;31/12/2021;
PM;733;PM733;PMFar733;Farina;Cibo;Mangia Sano SNC;3,05;31/12/2021;
PM;734;PM734;PMFar734;Farina;Cibo;Mangia Sano SNC;3,11;31/12/2021;
PD;735;PD735;PDDol735;Dolci vari;Cibo;Dolci Grossi SRL;15,82;31/12/2021;
PS;736;PS736;PSOrt736;Ortaggi;Cibo;San Patrizio Food&Beverage LTD;2,74;31/12/2021;
PB;737;PB737;PBVin737;Vino Bianco;Bibite;Bibite Fresche SPA;1,50;31/12/2021;
PB;738;PB738;PBVin738;Vino Bianco;Bibite;Bibite Fresche SPA;1,58;31/12/2021;
PM;739;PM739;PMLie739;Lievito;Cibo;Mangia Sano SNC;0,78;31/12/2021;
PS;740;PS740;PSOli740;Olio speziati;Cibo;San Patrizio Food&Beverage LTD;1,53;31/12/2021;
PB;741;PB741;PBVin741;Vino Bianco;Bibite;Bibite Fresche SPA;1,55;31/12/2021;
PC;742;PC742;PCLat742;Latte;Cibo;Caffe Brasiliano SARL;2,93;31/12/2021;
PS;743;PS743;PSOli743;Olio speziati;Cibo;San Patrizio Food&Beverage LTD;0,80;31/12/2021;
PS;744;PS744;PSOli744;Olio speziati;Cibo;San Patrizio Food&Beverage LTD;0,80;31/12/2021;
PS;745;PS745;PSOli745;Olio speziati;Cibo;San Patrizio Food&Beverage LTD;1,56;31/12/2021;
PS;746;PS746;PSOli746;Olio speziati;Cibo;San Patrizio Food&Beverage LTD;1,54;31/12/2021;
PS;747;PS747;PSOli747;Olio speziati;Cibo;San Patrizio Food&Beverage LTD;1,57;31/12/2021;
PS;748;PS748;PSOli748;Olio speziati;Cibo;San Patrizio Food&Beverage LTD;1,53;31/12/2021;
PB;749;PB749;PBVin749;Vino Bianco;Bibite;Bibite Fresche SPA;1,58;31/12/2021;
PB;750;PB750;PBVin750;Vino Bianco;Bibite;Bibite Fresche SPA;1,58;31/12/2021;
PS;751;PS751;PSOli751;Olio d'Oliva;Cibo;San Patrizio Food&Beverage LTD;7,15;31/12/2021;
PS;752;PS752;PSSpe752;Spezie;Cibo;San Patrizio Food&Beverage LTD;3,01;31/12/2021;
PS;753;PS753;PSOli753;Olio speziati;Cibo;San Patrizio Food&Beverage LTD;9,08;31/12/2021;
PS;754;PS754;PSOli754;Olio speziati;Cibo;San Patrizio Food&Beverage LTD;9,03;31/12/2021;
PM;755;PM755;PMFar755;Farina;Cibo;Mangia Sano SNC;2,76;31/12/2021;
PM;756;PM756;PMFar756;Farina;Cibo;Mangia Sano SNC;2,75;31/12/2021;
PS;757;PS757;PSPop757;Popcorn;Cibo;San Patrizio Food&Beverage LTD;1,65;31/12/2021;
PS;758;PS758;PSPop758;Popcorn;Cibo;San Patrizio Food&Beverage LTD;1,66;31/12/2021;
PS;759;PS759;PSPop759;Popcorn;Cibo;San Patrizio Food&Beverage LTD;1,71;31/12/2021;
PS;760;PS760;PSPop760;Popcorn;Cibo;San Patrizio Food&Beverage LTD;1,64;31/12/2021;
PM;761;PM761;PMFar761;Farina;Cibo;Mangia Sano SNC;1,21;31/12/2021;
PM;762;PM762;PMFar762;Farina;Cibo;Mangia Sano SNC;1,23;31/12/2021;
PS;763;PS763;PSSpe763;Spezie;Cibo;San Patrizio Food&Beverage LTD;15,46;31/12/2021;
PM;764;PM764;PMFar764;Farina;Cibo;Mangia Sano SNC;2,92;31/12/2021;
PM;765;PM765;PMFar765;Farina;Cibo;Mangia Sano SNC;2,90;31/12/2021;
PM;766;PM766;PMFar766;Farina;Cibo;Mangia Sano SNC;2,89;31/12/2021;
PM;767;PM767;PMLie767;Lievito;Cibo;Mangia Sano SNC;1,48;31/12/2021;
